{
  "start_imports": "Starting Iteration 2",
  "finish_text": "Finish",
  "start_texto": "Webcheck ",
  "web_input_text": "Website to check(or use wc:// for commands): ",
  "failed": "failed",
  "pass": "Pass",
  "fail": "Fail",
  "success": "succeeded",
  "cc": "Character check ",
  "result": " with a result of ",
  "and": " and ",
  "bc": " bad characters",
  "bci": "The bad characters are: ",
  "fullstop": ".",
  "inforequest": "Press i for more info, otherwise press anything else: ",
  "infofull": "Sites may use characters from other languages that look like latin characters, and this makes them look legit. However, they aren't the same as the real website, and are totally separate domains",
  "statusup": " status: up - ",
  "statusdown": " status: down/unknown - ",
  "unavailable": "unavailable",
  "noweb": "Couldn't find website",
  "nossl": "https not available",
  "modeinput": "Type \"True\" for new system, \"False\" for old system: ",
  "olderror": "Couldn't find website or ssl not available (if https used). The old system also requires the https:// or http://",
  "start_textt": " in Python shell",
  "complang": "Language, completion, and compatibility: ",
  "cmds": "Command used",
  "notfound": "Command not found or parts incorrect",
  "enabled": "Enabled",
  "disabled": "Disabled"
}