{
  "start_imports": "Starting Iteration 2",
  "finish_text": "Finish",
  "start_texto": "Webcheck ",
  "web_input_text": "Website to check(or use wc:// for commands): ",
  "failed": "failed",
  "pass": "Pass",
  "fail": "Fail",
  "success": "succeeded",
  "cc": "Character check ",
  "result": " with a result of ",
  "and": " and ",
  "bc": " bad characters",
  "bci": "The bad characters are: ",
  "fullstop": ".",
  "inforequest": "Press i for more info, otherwise press anything else: ",
  "infofull": "Sites may use characters from other languages that look like latin characters, and this makes them look legit. However, they aren't the same as the real website, and are totally separate domains",
  "statusup": " status: up - ",
  "statusdown": " status: down/unknown - ",
  "unavailable": "unavailable",
  "noweb": "Couldn't find website",
  "nossl": "https not available",
  "modeinput": "Type \"True\" for new system, \"False\" for old system: ",
  "olderror": "Couldn't find website or ssl not available (if https used). The old system also requires the https:// or http://",
  "start_textt": " in Python shell",
  "complang": "Language, completion, and compatibility: ",
  "cmds": "Command used",
  "notfound": "Command not found or parts incorrect, if a WC vanilla command",
  "enabled": "Enabled",
  "disabled": "Disabled",
  "resetv": "Resetting all variables! This may take a while...",
  "iwebwarn": "WARNING: You are about to use the raw status check(iweb). The program may crash. Proceed?(y/n) ",
  "iweb": "(iweb) Web to check, directory required: ",
  "chinfo": "Command help only available in EN_UK",
  "policy": "To continue to use, distribute, and modify this program, please check the EULA and usage policy using wc://policy",
  "modding": "Plan to mod the program or using a modified version? Check wc://modding",
  "mf": " mod(s) found, and mod subfolders found",
  "ml": " mods loaded",
  "nocom": " has no addon?",
  "nofull": " has no full overrides",
  "fullover": "A mod you are using uses full overrides. Restarting the program..."
}